{"0": {"new_camera_matrix": [[737.6613159179688, 0.0, 301.69352630824505], [0.0, 806.8742065429688, 249.5121153848213], [0.0, 0.0, 1.0]], "dist": [[-0.8312713050664765, 0.9585898331952237, 0.004142889469497675, 0.0016643540581851377, -0.4182301853297325]], "camera_matrix": [[844.7725415928317, 0.0, 305.30154615363705], [0.0, 866.4574603030809, 247.81476162175534], [0.0, 0.0, 1.0]]}, "1": {"new_camera_matrix": [[737.6613159179688, 0.0, 301.69352630824505], [0.0, 806.8742065429688, 249.5121153848213], [0.0, 0.0, 1.0]], "dist": [[-0.8312713050664765, 0.9585898331952237, 0.004142889469497675, 0.0016643540581851377, -0.4182301853297325]], "camera_matrix": [[844.7725415928317, 0.0, 305.30154615363705], [0.0, 866.4574603030809, 247.81476162175534], [0.0, 0.0, 1.0]]}}