{"0": {"new_camera_matrix": [[584.718017578125, 0.0, 342.60657538492524], [0.0, 623.2483520507812, 259.37485266261865], [0.0, 0.0, 1.0]], "dist": [[-0.44107735872709214, 0.23206653672373526, -0.007179460222035127, -0.007898948591337412, -0.060497015983568055]], "camera_matrix": [[659.2974107751886, 0.0, 342.86708335100843], [0.0, 664.2948653990776, 259.687194481717], [0.0, 0.0, 1.0]]}, "1": {"new_camera_matrix": [[584.718017578125, 0.0, 342.60657538492524], [0.0, 623.2483520507812, 259.37485266261865], [0.0, 0.0, 1.0]], "dist": [[-0.44107735872709214, 0.23206653672373526, -0.007179460222035127, -0.007898948591337412, -0.060497015983568055]], "camera_matrix": [[659.2974107751886, 0.0, 342.86708335100843], [0.0, 664.2948653990776, 259.687194481717], [0.0, 0.0, 1.0]]}}